{
  "images" : [
    {
      "idiom" : "universal",
      "filename" : "logo1.png",
      "scale" : "1x"
    },
    {
      "idiom" : "universal",
      "filename" : "logo1-1.png",
      "scale" : "2x"
    },
    {
      "idiom" : "universal",
      "filename" : "logo1-2.png",
      "scale" : "3x"
    },
    {
      "idiom" : "iphone",
      "filename" : "logo1-3.png",
      "scale" : "1x"
    },
    {
      "idiom" : "iphone",
      "filename" : "logo1-4.png",
      "scale" : "2x"
    },
    {
      "idiom" : "iphone",
      "filename" : "logo1-5.png",
      "scale" : "3x"
    },
    {
      "idiom" : "ipad",
      "scale" : "1x"
    },
    {
      "idiom" : "ipad",
      "scale" : "2x"
    }
  ],
  "info" : {
    "version" : 1,
    "author" : "xcode"
  }
}